,out
5,0.7073047858942065
8,0.5143576826196473
15,0.6871536523929471
16,0.6095717884130982
20,0.8785894206549119
21,0.5385390428211587
30,0.6997481108312342
35,0.33249370277078083
36,0.13299748110831233
41,0.7496221662468514
45,0.6921914357682619
51,0.024181360201511334
54,0.5133501259445844
55,0.5465994962216625
57,0.8433249370277078
70,0.14307304785894207
72,0.4146095717884131
78,0.6947103274559194
81,0.7183879093198993
83,0.5863979848866498
85,0.5350125944584383
91,0.7602015113350126
93,0.4881612090680101
95,0.5858942065491184
97,0.4770780856423174
102,0.48564231738035263
108,0.49168765743073045
109,0.2508816120906801
113,0.26599496221662466
121,0.3425692695214106
126,0.41662468513853906
129,0.5440806045340051
130,0.2972292191435768
135,0.6574307304785895
137,0.507808564231738
144,0.5516372795969773
145,0.4488664987405542
148,0.7062972292191436
152,0.10881612090680101
158,0.4418136020151133
168,0.7138539042821158
175,0.4171284634760705
176,0.6790931989924434
180,0.3707808564231738
183,0.47103274559193953
184,0.6785894206549118
186,0.745088161209068
189,0.5032745591939547
206,0.5143576826196473
218,0.44534005037783375
224,0.49319899244332494
228,0.6589420654911838
230,0.6518891687657431
234,0.45541561712846346
236,0.3743073047858942
237,0.35465994962216624
238,0.8216624685138539
240,0.291183879093199
248,0.127455919395466
253,0.23576826196473552
256,0.22317380352644836
257,0.7934508816120907
258,0.37682619647355164
259,0.5057934508816121
263,0.3894206549118388
267,0.6236775818639798
279,0.6256926952141058
280,0.4488664987405542
283,0.8811083123425693
286,0.5209068010075567
290,0.5027707808564231
291,0.8050377833753148
295,0.5113350125944585
298,0.8483627204030226
300,0.6659949622166247
301,0.582367758186398
305,0.6075566750629723
309,0.3959697732997481
310,0.47153652392947104
311,0.29974811083123426
328,0.43727959697733
346,0.766750629722922
350,0.6982367758186397
352,0.5687657430730478
356,0.5576826196473552
358,0.5738035264483627
359,0.4664987405541562
361,0.5279596977329974
371,0.7324937027707809
377,0.8292191435768262
379,0.889168765743073
380,0.6599496221662469
387,0.48916876574307305
388,0.5375314861460957
391,0.5486146095717884
392,0.5586901763224181
394,0.7622166246851385
397,0.5198992443324937
398,0.4690176322418136
404,0.5198992443324937
414,0.6695214105793451
415,0.8876574307304785
426,0.13148614609571788
427,0.7047858942065491
429,0.28463476070528965
434,0.5521410579345088
438,0.8277078085642318
442,0.380352644836272
455,0.783375314861461
456,0.34911838790931987
460,0.5365239294710328
465,0.7486146095717884
467,0.4982367758186398
470,0.4070528967254408
472,0.8997481108312343
480,0.3687657430730479
481,0.6589420654911838
482,0.25642317380352647
488,0.5138539042821159
490,0.8544080604534005
494,0.8100755667506297
499,0.3556675062972292
502,0.8680100755667506
510,0.3249370277078086
513,0.16523929471032744
514,0.691183879093199
515,0.26599496221662466
520,0.32997481108312343
522,0.03677581863979849
523,0.31838790931989924
535,0.7591939546599497
542,0.3481108312342569
546,0.3410579345088161
551,0.5219143576826196
558,0.4433249370277078
561,0.21259445843828714
564,0.2906801007556675
565,0.5214105793450882
571,0.6191435768261965
573,0.28513853904282116
578,0.5687657430730478
581,0.45994962216624685
597,0.033753148614609575
598,0.4866498740554156
600,0.32997481108312343
601,0.6035264483627204
606,0.383375314861461
611,0.14811083123425692
612,0.6282115869017633
616,0.5571788413098236
617,0.4589420654911839
618,0.40453400503778336
622,0.5949622166246852
625,0.7481108312342569
631,0.12644836272040302
635,0.45289672544080606
639,0.6357682619647356
641,0.7596977329974811
646,0.3863979848866499
648,0.4801007556675063
649,0.6287153652392947
653,0.3234256926952141
654,0.6035264483627204
658,0.2811083123425693
660,0.6982367758186397
661,0.22972292191435767
671,0.5193954659949622
672,0.6745591939546599
676,0.8141057934508816
677,0.582367758186398
681,0.3002518891687657
692,0.6916876574307305
695,0.12141057934508816
701,0.6025188916876574
702,0.6372795969773299
705,0.7909319899244333
709,0.7727959697732998
724,0.4534005037783375
728,0.548110831234257
730,0.7586901763224181
735,0.8438287153652393
737,0.491183879093199
740,0.7516372795969773
741,0.5808564231738035
745,0.7788413098236776
749,0.4282115869017632
750,0.5838790931989924
764,0.23425692695214106
767,0.1743073047858942
768,0.38136020151133504
771,0.5279596977329974
773,0.2685138539042821
775,0.5486146095717884
776,0.6871536523929471
780,0.5717884130982368
781,0.43778337531486144
783,0.5954659949622166
788,0.8987405541561713
814,0.4433249370277078
819,0.6282115869017633
825,0.924433249370277
830,0.763727959697733
842,0.635264483627204
844,0.46448362720403025
845,0.4947103274559194
846,0.44382871536523927
850,0.5002518891687657
852,0.21914357682619648
860,0.08312342569269521
868,0.3204030226700252
870,0.37229219143576825
871,0.4105793450881612
883,0.2518891687657431
884,0.3632241813602015
885,0.6100755667506297
888,0.4
892,0.34760705289672544
893,0.3707808564231738
896,0.8871536523929471
897,0.25289672544080605
901,0.2579345088161209
902,0.4251889168765743
903,0.6171284634760705
907,0.6639798488664987
908,0.44987405541561715
911,0.8060453400503779
912,0.4478589420654912
914,0.4317380352644836
918,0.3863979848866499
929,0.6171284634760705
932,0.6952141057934509
933,0.6710327455919396
934,0.04181360201511335
935,0.4397984886649874
949,0.5002518891687657
954,0.07808564231738035
955,0.3415617128463476
958,0.9722921914357683
959,0.5234256926952141
960,0.4050377833753149
961,0.7808564231738035
964,0.6055415617128463
966,0.44584382871536526
974,0.2624685138539043
975,0.3425692695214106
977,0.3853904282115869
981,0.5299748110831234
983,0.2871536523929471
985,0.5209068010075567
990,0.43476070528967253
991,0.41309823677581864
994,0.31738035264483627
995,0.13954659949622167
996,0.20554156171284635
998,0.13602015113350127
1000,0.48564231738035263
1002,0.510831234256927
1004,0.4634760705289673
1007,0.9239294710327456
1010,0.44231738035264484
1012,0.35113350125944587
1019,0.44231738035264484
1021,0.11032745591939547
1033,0.48614609571788414
1047,0.10478589420654912
1049,0.4619647355163728
1052,0.6846347607052897
1053,0.5002518891687657
1060,0.0906801007556675
1062,0.7738035264483627
1066,0.4836272040302267
1068,0.5007556675062972
1071,0.26448362720403024
1077,0.3934508816120907
1081,0.3788413098236776
1090,0.7722921914357682
1096,0.5984886649874055
1097,0.4327455919395466
1105,0.31083123425692694
1108,0.6564231738035264
1109,0.12241813602015113
1111,0.19748110831234256
1117,0.9818639798488665
1118,0.3304785894206549
1122,0.3687657430730479
1126,0.11486146095717883
1131,0.8312342569269522
1132,0.6498740554156172
1133,0.8644836272040303
1134,0.7395465994962217
1136,0.2942065491183879
1139,0.48463476070528966
1142,0.68816120906801
1143,0.5143576826196473
1146,0.4125944584382871
1153,0.5183879093198992
1158,0.3758186397984887
1159,0.760705289672544
1162,0.43476070528967253
1163,0.43778337531486144
1164,0.4040302267002519
1171,0.2942065491183879
1172,0.4750629722921914
1173,0.3758186397984887
1175,0.33904282115869017
1181,0.6357682619647356
1182,0.1858942065491184
1185,0.39143576826196474
1186,0.6523929471032746
1191,0.5264483627204031
1199,0.4332493702770781
1200,0.6947103274559194
1206,0.15516372795969774
1207,0.6075566750629723
1208,0.28816120906801007
1210,0.7506297229219143
1213,0.5858942065491184
1214,0.36926952141057934
1219,0.6317380352644836
1222,0.40604534005037785
1224,0.45541561712846346
1226,0.6659949622166247
1237,0.3062972292191436
1241,0.5183879093198992
1247,0.9340050377833753
1254,0.5229219143576826
1264,0.13702770780856424
1265,0.14055415617128464
1266,0.31738035264483627
1270,0.5410579345088161
1271,0.4478589420654912
1272,0.37380352644836273
1273,0.23425692695214106
1274,0.7899244332493702
1283,0.6095717884130982
1285,0.1420654911838791
1290,0.4050377833753149
1296,0.24382871536523928
1297,0.34760705289672544
1301,0.23224181360201512
1302,0.5234256926952141
1303,0.15919395465994962
1305,0.6443324937027708
1306,0.6055415617128463
1311,0.4664987405541562
1318,0.46750629722921916
1321,0.5727959697732997
1327,0.5879093198992443
1329,0.4982367758186398
1330,0.20251889168765744
1344,0.6055415617128463
1346,0.39899244332493705
1349,0.6141057934508816
1352,0.8861460957178842
1361,0.7425692695214106
1362,0.3969773299748111
1368,0.30277078085642317
1369,0.3677581863979849
1381,0.506801007556675
1384,0.5395465994962216
1388,0.5571788413098236
1390,0.3249370277078086
1392,0.5279596977329974
1395,0.7848866498740554
1398,0.6972292191435768
1399,0.015113350125944584
1401,0.30377833753148614
1404,0.23224181360201512
1405,0.44231738035264484
1406,0.6523929471032746
1409,0.5924433249370277
1411,0.7768261964735517
1420,0.4609571788413098
1432,0.5984886649874055
1435,0.6498740554156172
1439,0.8760705289672545
1441,0.507808564231738
1452,0.37380352644836273
1454,0.5732997481108313
1456,0.3047858942065491
1461,0.28211586901763225
1462,0.18337531486146097
1474,0.6267002518891688
1475,0.509823677581864
1477,0.20604534005037783
1479,0.11738035264483627
1480,0.40906801007556676
1482,0.6448362720403022
1485,0.4065491183879093
1486,0.5692695214105793
1495,0.6201511335012595
1497,0.49370277078085645
1499,0.49319899244332494
1507,0.3486146095717884
1513,0.08765743073047859
1514,0.46448362720403025
1515,0.15012594458438286
1518,0.5062972292191436
1527,0.2649874055415617
1529,0.25743073047858944
1534,0.05390428211586902
1540,0.6050377833753149
1542,0.307808564231738
1548,0.08513853904282116
1549,0.8821158690176323
1552,0.6664987405541561
1554,0.5617128463476071
1555,0.46851385390428213
1557,0.3808564231738035
1558,0.636272040302267
1562,0.5727959697732997
1568,0.5783375314861461
1569,0.3602015113350126
1577,0.4780856423173804
1578,0.25289672544080605
1582,0.3929471032745592
1585,0.6564231738035264
1586,0.6277078085642317
1591,0.32846347607052895
1595,0.8836272040302267
1596,0.4287153652392947
1599,0.5722921914357683
1600,0.45994962216624685
1603,0.33350125944584386
1604,0.2972292191435768
1606,0.15465994962216625
1607,0.4634760705289673
1608,0.20503778337531486
1609,0.1672544080604534
1619,0.4881612090680101
1625,0.5778337531486146
1634,0.1964735516372796
1635,0.33148614609571786
1639,0.6302267002518892
1650,0.10982367758186398
1651,0.6201511335012595
1655,0.5173803526448363
1657,0.9355163727959698
1658,0.37380352644836273
1659,0.35465994962216624
1661,0.32191435768261967
1665,0.4332493702770781
1666,0.5556675062972293
1669,0.4513853904282116
1670,0.530478589420655
1672,0.4680100755667506
1673,0.5899244332493703
1676,0.4982367758186398
1678,0.506801007556675
1679,0.5244332493702771
1681,0.6801007556675063
1682,0.3420654911838791
1687,0.9753148614609571
1702,0.565743073047859
1706,0.39395465994962214
1710,0.7738035264483627
1711,0.436272040302267
1713,0.926448362720403
1714,0.20806045340050378
1723,0.43828715365239296
1728,0.46448362720403025
1730,0.3062972292191436
1732,0.23778337531486146
1734,0.11838790931989925
1739,0.9299748110831234
1742,0.32896725440806046
1747,0.8136020151133502
1748,0.6730478589420655
1750,0.2831234256926952
1753,0.2146095717884131
1755,0.2811083123425693
1758,0.38740554156171286
1759,0.6453400503778337
1762,0.10831234256926953
1763,0.49924433249370276
1766,0.42015113350125943
1767,0.29622166246851384
1768,0.7274559193954659
1774,0.3853904282115869
1775,0.7596977329974811
1776,0.507808564231738
1777,0.7012594458438287
1786,0.4624685138539043
1791,0.9496221662468514
1795,0.6997481108312342
1800,0.17984886649874054
1805,0.6201511335012595
1806,0.4100755667506297
1808,0.5375314861460957
1814,0.42015113350125943
1816,0.5380352644836272
1837,0.15012594458438286
1842,0.12090680100755667
1843,0.6876574307304786
1847,0.5566750629722922
1850,0.6740554156171285
1855,0.5969773299748111
1861,0.3370277078085642
1862,0.5541561712846348
1865,0.5541561712846348
1868,0.6695214105793451
1876,0.3501259445843829
1877,0.30277078085642317
1878,0.7622166246851385
1883,0.764735516372796
1886,0.2730478589420655
1905,0.7662468513853904
1906,0.47052896725440807
1907,0.41360201511335015
1913,0.7093198992443325
1914,0.8493702770780857
1915,0.8604534005037784
1916,0.1707808564231738
1918,0.4881612090680101
1919,0.7304785894206549
1921,0.7652392947103275
1923,0.3239294710327456
1927,0.7969773299748111
1929,0.8171284634760705
1932,0.563727959697733
1950,0.9435768261964735
1952,0.5511335012594458
1954,0.6387909319899244
1956,0.3969773299748111
1957,0.6302267002518892
1958,0.6367758186397985
1959,0.7385390428211587
1961,0.6790931989924434
1974,0.48765743073047857
1981,0.24937027707808565
1984,0.8015113350125944
1986,0.45843828715365237
1995,0.3239294710327456
1996,0.7209068010075567
1997,0.14811083123425692
2003,0.05591939546599496
2004,0.6473551637279596
2009,0.436272040302267
2013,0.2403022670025189
2014,0.7994962216624685
2019,0.8397984886649874
2023,0.3556675062972292
2027,0.3571788413098237
2029,0.6866498740554157
2030,0.8055415617128463
2037,0.6267002518891688
2039,0.22317380352644836
2041,0.3748110831234257
2042,0.2508816120906801
2045,0.236272040302267
2050,0.27355163727959697
2051,0.48211586901763226
2052,0.37682619647355164
2060,0.1602015113350126
2061,0.5435768261964735
2062,0.326448362720403
2066,0.5138539042821159
2068,0.5163727959697733
2070,0.6926952141057935
2071,0.6785894206549118
2085,0.5103274559193954
2091,0.5526448362720403
2093,0.783375314861461
2094,0.6322418136020151
2099,0.4080604534005038
2100,0.41612090680100755
2111,0.49319899244332494
2127,0.060453400503778336
2128,0.6070528967254408
2136,0.565743073047859
2137,0.7299748110831235
2138,0.09622166246851385
2140,0.834256926952141
2142,0.7828715365239295
2144,0.8448362720403023
2147,0.4443324937027708
2150,0.072544080604534
2153,0.25289672544080605
2154,0.20201511335012595
2163,0.30831234256926954
2167,0.2151133501259446
2168,0.8554156171284635
2182,0.6372795969773299
2185,0.3778337531486146
2189,0.5501259445843829
2192,0.5173803526448363
2193,0.49773299748110833
2197,0.6821158690176322
2199,0.4806045340050378
2201,0.7476070528967255
2202,0.6095717884130982
2212,0.5153652392947103
2220,0.0473551637279597
2223,0.6866498740554157
2225,0.5793450881612091
2226,0.35818639798488666
2230,0.36272040302267
2232,0.4125944584382871
2238,0.510831234256927
2243,0.5032745591939547
2245,0.35919395465994963
2249,0.6659949622166247
2250,0.4544080604534005
2260,0.4896725440806045
2268,0.5042821158690176
2269,0.36574307304785897
2270,0.5491183879093199
2279,0.8267002518891687
2289,0.1959697732997481
2291,0.36473551637279594
2292,0.7465994962216624
2293,0.4282115869017632
2296,0.760705289672544
2300,0.35768261964735515
2302,0.10579345088161209
2303,0.5370277078085642
2306,0.8468513853904283
2308,0.2730478589420655
2309,0.47103274559193953
2310,0.23576826196473552
2315,0.6216624685138539
2317,0.18488664987405543
2324,0.49974811083123427
2326,0.6947103274559194
2328,0.6297229219143576
2337,0.4156171284634761
2345,0.6312342569269521
2347,0.37682619647355164
2353,0.40856423173803524
2355,0.35214105793450884
2356,0.7652392947103275
2357,0.5350125944584383
2363,0.6952141057934509
2368,0.5229219143576826
2369,0.5319899244332493
2372,0.652896725440806
2377,0.2534005037783375
2382,0.218639798488665
2385,0.23073047858942067
2392,0.7204030226700252
2398,0.28816120906801007
2400,0.30075566750629723
2401,0.6292191435768262
2412,0.3350125944584383
2417,0.6146095717884131
2426,0.3596977329974811
2430,0.14811083123425692
2437,0.7939546599496222
2438,0.49370277078085645
2443,0.4765743073047859
2444,0.1894206549118388
2445,0.41662468513853906
2449,0.41209068010075567
2456,0.6770780856423174
2458,0.6750629722921915
2459,0.6438287153652393
2460,0.5133501259445844
2463,0.507808564231738
2471,0.5209068010075567
2477,0.3808564231738035
2480,0.41914357682619646
2481,0.6055415617128463
2482,0.5843828715365239
2483,0.5007556675062972
2488,0.5289672544080605
2493,0.25994962216624684
2494,0.46448362720403025
2499,0.32292191435768264
2501,0.653904282115869
2508,0.5012594458438288
2510,0.5400503778337532
2519,0.7249370277078085
2521,0.49974811083123427
2526,0.7687657430730479
2531,0.618639798488665
2532,0.4755667506297229
2539,0.6836272040302267
2545,0.2433249370277078
2546,0.25894206549118387
2551,0.5309823677581864
2554,0.42317380352644834
2573,0.3561712846347607
2575,0.3959697732997481
2576,0.6418136020151134
2583,0.6780856423173803
2592,0.1783375314861461
2600,0.17279596977329975
2602,0.49622166246851385
2604,0.5279596977329974
2607,0.25440806045340053
2611,0.4508816120906801
2613,0.3350125944584383
2616,0.7047858942065491
2627,0.39395465994962214
2629,0.45390428211586903
2634,0.48463476070528966
2637,0.49773299748110833
2640,0.2
2648,0.33652392947103277
2650,0.5047858942065491
2651,0.5707808564231738
2652,0.7390428211586901
2654,0.41914357682619646
2655,0.5435768261964735
2657,0.6040302267002519
2659,0.581360201511335
2660,0.08463476070528968
2663,0.9355163727959698
2664,0.39848866498740554
2665,0.20251889168765744
2670,0.30428211586901766
2671,0.5415617128463476
2674,0.45541561712846346
2677,0.6886649874055416
2679,0.3198992443324937
2680,0.31435768261964736
2684,0.2856423173803526
2686,0.36473551637279594
2690,0.3526448362720403
2694,0.2609571788413098
2696,0.6856423173803526
2699,0.3304785894206549
2702,0.1385390428211587
2709,0.3556675062972292
2711,0.5214105793450882
2712,0.6141057934508816
2736,0.5380352644836272
2750,0.11738035264483627
2756,0.10982367758186398
2757,0.3239294710327456
2759,0.5607052896725441
2760,0.32544080604534004
2765,0.6498740554156172
2790,0.9304785894206549
2796,0.28916876574307304
2798,0.4367758186397985
2809,0.2639798488664987
2810,0.29521410579345087
2819,0.472544080604534
2827,0.34357682619647356
2833,0.5244332493702771
2834,0.8775818639798488
2841,0.5934508816120907
2846,0.7904282115869018
2847,0.14962216624685137
2852,0.5380352644836272
2859,0.6287153652392947
2860,0.4211586901763224
2869,0.43073047858942065
2872,0.25440806045340053
2873,0.14659949622166246
2874,0.6080604534005037
2876,0.345088161209068
2884,0.25440806045340053
2889,0.4811083123425693
2893,0.21259445843828714
2897,0.37934508816120904
2902,0.5914357682619648
2904,0.6322418136020151
2906,0.743073047858942
2911,0.5234256926952141
2915,0.07405541561712846
2919,0.3012594458438287
2921,0.43476070528967253
2927,0.6886649874055416
2931,0.25239294710327453
2942,0.31889168765743076
2944,0.5299748110831234
2948,0.382367758186398
2949,0.8453400503778338
2951,0.7476070528967255
2952,0.48513853904282117
2955,0.565743073047859
2957,0.6977329974811083
2960,0.48564231738035263
2961,0.6614609571788413
2962,0.5380352644836272
2963,0.782367758186398
2969,0.6937027707808564
2973,0.29521410579345087
2976,0.2332493702770781
2983,0.4947103274559194
2985,0.3743073047858942
2986,0.5465994962216625
2988,0.563727959697733
3000,0.36574307304785897
3005,0.530478589420655
3009,0.6518891687657431
3019,0.1455919395465995
3023,0.23778337531486146
3025,0.22921914357682618
3026,0.9309823677581864
3027,0.26448362720403024
3031,0.1380352644836272
3035,0.6322418136020151
3036,0.31435768261964736
3037,0.6020151133501259
3038,0.8947103274559194
3042,0.4534005037783375
3050,0.3158690176322418
3062,0.801007556675063
3072,0.6171284634760705
3090,0.3319899244332494
3094,0.728463476070529
3096,0.49168765743073045
3097,0.6685138539042821
3103,0.27758186397984885
3122,0.8241813602015113
3126,0.8659949622166246
3132,0.39143576826196474
3135,0.7365239294710327
3144,0.41914357682619646
3149,0.30982367758186397
3154,0.41360201511335015
3155,0.04584382871536524
3159,0.26297229219143575
3160,0.3778337531486146
3164,0.7319899244332494
3165,0.7219143576826197
3178,0.5047858942065491
3189,0.44231738035264484
3191,0.5455919395465995
3198,0.9591939546599496
3199,0.41914357682619646
3211,0.47909319899244335
3222,0.5002518891687657
3234,0.14408060453400504
3235,0.17581863979848866
3240,0.29672544080604535
3242,0.13652392947103276
3246,0.0836272040302267
3247,0.8287153652392947
3249,0.4518891687657431
3250,0.3612090680100756
3254,0.5229219143576826
3256,0.5763224181360201
3260,0.7793450881612091
3267,0.8317380352644836
3268,0.25138539042821156
3273,0.563727959697733
3276,0.1052896725440806
3278,0.3949622166246851
3279,0.8473551637279597
3288,0.4327455919395466
3296,0.5455919395465995
3302,0.3959697732997481
3304,0.5209068010075567
3309,0.6357682619647356
3310,0.0690176322418136
3311,0.5148614609571789
3319,0.34609571788413096
3323,0.25743073047858944
3324,0.5088161209068011
3325,0.33350125944584386
3327,0.8045340050377834
3328,0.563727959697733
3330,0.29622166246851384
3333,0.5929471032745592
3335,0.7672544080604534
3336,0.8619647355163728
3338,0.038790931989924435
3343,0.8997481108312343
3344,0.11083123425692695
3346,0.35768261964735515
3353,0.5642317380352645
3354,0.3919395465994962
3360,0.4957178841309824
3365,0.8025188916876574
3366,0.5909319899244333
3369,0.25994962216624684
3377,0.3002518891687657
3380,0.5224181360201511
3381,0.4287153652392947
3387,0.33148614609571786
3388,0.2801007556675063
3390,0.7400503778337532
3404,0.7501259445843829
3406,0.4755667506297229
3407,0.7596977329974811
3409,0.4272040302267002
3411,0.6105793450881613
3415,0.28916876574307304
3424,0.2982367758186398
3430,0.4463476070528967
3433,0.4866498740554156
3435,0.4690176322418136
3438,0.710831234256927
3443,0.4544080604534005
3444,0.7551637279596978
3447,0.35768261964735515
3448,0.8297229219143577
3449,0.3380352644836272
3461,0.32141057934508815
3473,0.5536523929471032
3475,0.4473551637279597
3479,0.6151133501259446
3486,0.1677581863979849
3491,0.2680100755667506
3497,0.2931989924433249
3499,0.8080604534005038
3500,0.39093198992443323
3504,0.5994962216624685
3506,0.3863979848866499
3514,0.5596977329974812
3520,0.4564231738035264
3523,0.7324937027707809
3545,0.8130982367758186
3548,0.7914357682619647
3550,0.5360201511335012
3553,0.2518891687657431
3562,0.42670025188916877
3568,0.5209068010075567
3572,0.43828715365239296
3573,0.2710327455919396
3574,0.20604534005037783
3578,0.7385390428211587
3587,0.6020151133501259
3588,0.2287153652392947
3594,0.12896725440806045
3596,0.5219143576826196
3598,0.6317380352644836
3600,0.34458438287153653
3605,0.6277078085642317
3606,0.163727959697733
3618,0.7128463476070529
3620,0.7073047858942065
3625,0.4256926952141058
3627,0.48312342569269523
3629,0.7758186397984886
3635,0.8090680100755667
3638,0.2554156171284635
3648,0.4216624685138539
3653,0.6685138539042821
3657,0.419647355163728
3661,0.6629722921914357
3670,0.8156171284634761
3673,0.454911838790932
3680,0.5032745591939547
3683,0.6236775818639798
3686,0.507808564231738
3689,0.4151133501259446
3690,0.5455919395465995
3693,0.41360201511335015
3695,0.5440806045340051
3705,0.09370277078085643
3707,0.6100755667506297
3708,0.2367758186397985
3720,0.4387909319899244
3723,0.1340050377833753
3724,0.7214105793450881
3728,0.6851385390428212
3735,0.3385390428211587
3743,0.8070528967254408
3744,0.764735516372796
3746,0.7707808564231738
3749,0.705793450881612
3750,0.47304785894206547
3752,0.2680100755667506
3759,0.8297229219143577
3763,0.33602015113350125
3767,0.7113350125944584
3769,0.5425692695214106
3772,0.4750629722921914
3775,0.5949622166246852
3787,0.8478589420654912
3788,0.5269521410579345
3789,0.6730478589420655
3791,0.5365239294710328
3799,0.3964735516372796
3804,0.8498740554156171
3812,0.707808564231738
3814,0.308816120906801
3821,0.2685138539042821
3824,0.4100755667506297
3827,0.8614609571788413
3829,0.5249370277078086
3837,0.35516372795969775
3838,0.34609571788413096
3847,0.507808564231738
3853,0.32544080604534004
3870,0.9209068010075567
3877,0.3355163727959698
3880,0.41662468513853906
3882,0.29521410579345087
3883,0.46700251889168765
3885,0.38387909319899244
3892,0.3516372795969773
3908,0.4463476070528967
3909,0.22770780856423173
3923,0.11486146095717883
3933,0.5365239294710328
3935,0.530478589420655
3938,0.4105793450881612
3943,0.18035264483627203
3944,0.6060453400503778
3946,0.6448362720403022
3956,0.16473551637279596
3957,0.3395465994962217
3958,0.20554156171284635
3962,0.6458438287153653
3963,0.33299748110831234
3973,0.5088161209068011
3980,0.6534005037783376
3982,0.37229219143576825
3987,0.3879093198992443
3995,0.42770780856423174
4000,0.43123425692695216
4003,0.9727959697732997
4004,0.6987405541561713
4007,0.4327455919395466
4008,0.2856423173803526
4010,0.20856423173803526
4017,0.580352644836272
4022,0.7123425692695214
4027,0.7481108312342569
4030,0.9249370277078086
4036,0.31838790931989924
4038,0.7964735516372796
4040,0.4100755667506297
4052,0.8811083123425693
4054,0.7425692695214106
4063,0.18690176322418137
4068,0.29622166246851384
4080,0.4100755667506297
4081,0.3929471032745592
4085,0.615617128463476
4090,0.22619647355163727
4092,0.2151133501259446
4093,0.3410579345088161
4099,0.6730478589420655
4100,0.45591939546599497
4104,0.7455919395465995
4105,0.37934508816120904
4107,0.6957178841309823
4109,0.5289672544080605
4111,0.6942065491183879
4112,0.48866498740554154
4115,0.08261964735516372
4121,0.9178841309823678
4129,0.48614609571788414
4135,0.6649874055415617
4136,0.3319899244332494
4142,0.7858942065491183
4145,0.37632241813602013
4147,0.3163727959697733
4148,0.17279596977329975
4155,0.5697732997481109
4161,0.42367758186397986
4162,0.3853904282115869
4164,0.5178841309823677
4172,0.8534005037783375
4173,0.36523929471032746
4176,0.8730478589420655
4178,0.4282115869017632
4186,0.47858942065491183
4191,0.07405541561712846
4197,0.6826196473551638
4204,0.4508816120906801
4207,0.4282115869017632
4208,0.3198992443324937
4210,0.6503778337531486
4217,0.9153652392947104
4220,0.4947103274559194
4222,0.9355163727959698
4229,0.6196473551637279
4231,0.4564231738035264
4233,0.6468513853904282
4235,0.5602015113350126
4240,0.3340050377833753
4243,0.07405541561712846
4244,0.7803526448362721
4245,0.8780856423173804
4247,0.3994962216624685
4250,0.8579345088161209
4256,0.17732997481108312
4260,0.29370277078085644
4264,0.5874055415617129
4272,0.35214105793450884
4274,0.507808564231738
4278,0.8987405541561713
4283,0.4141057934508816
4286,0.8493702770780857
4289,0.8690176322418136
4290,0.17934508816120906
4292,0.5007556675062972
4298,0.6020151133501259
4310,0.09219143576826197
4311,0.580352644836272
4318,0.8045340050377834
4319,0.9581863979848867
4332,0.2730478589420655
4334,0.1486146095717884
4335,0.9818639798488665
4339,0.5007556675062972
4341,0.6534005037783376
4344,0.41158690176322416
4345,0.4624685138539043
4346,0.31738035264483627
4350,0.3949622166246851
4352,0.48513853904282117
4354,0.873551637279597
4360,0.5088161209068011
4361,0.7773299748110831
4362,0.13299748110831233
4363,0.42015113350125943
4364,0.672544080604534
4369,0.764735516372796
4374,0.6438287153652393
4376,0.42468513853904283
4377,0.5183879093198992
4379,0.43778337531486144
4381,0.8488664987405542
4383,0.6221662468513854
4385,0.31536523929471033
4386,0.491183879093199
4390,0.6277078085642317
4393,0.5390428211586902
4408,0.4125944584382871
4411,0.5002518891687657
4412,0.41158690176322416
4414,0.7773299748110831
4415,0.3340050377833753
4423,0.4141057934508816
4426,0.4332493702770781
4430,0.6347607052896725
4434,0.3148614609571788
4436,0.418639798488665
4439,0.5793450881612091
4440,0.5103274559193954
4441,0.7838790931989924
4444,0.3350125944584383
4445,0.9460957178841309
4446,0.8780856423173804
4447,0.4397984886649874
4448,0.11889168765743073
4453,0.45289672544080606
4462,0.3712846347607053
4471,0.4806045340050378
4472,0.5057934508816121
4475,0.5591939546599496
4477,0.6267002518891688
4490,0.9198992443324937
4494,0.3279596977329975
4498,0.527455919395466
4499,0.27758186397984885
4509,0.18035264483627203
4515,0.6503778337531486
4517,0.28211586901763225
4526,0.2624685138539043
4533,0.2508816120906801
4534,0.6866498740554157
4535,0.31536523929471033
4537,0.5964735516372796
4541,0.1455919395465995
4546,0.5042821158690176
4550,0.5088161209068011
4553,0.43526448362720405
4555,0.7576826196473552
4557,0.3355163727959698
4558,0.6821158690176322
4559,0.5662468513853904
4561,0.5581863979848867
4565,0.07355163727959697
4571,0.45390428211586903
4577,0.9093198992443325
4579,0.7052896725440806
4589,0.48866498740554154
4590,0.19395465994962216
4591,0.23123425692695215
4592,0.25692695214105793
4594,0.6599496221662469
4596,0.5158690176322418
4598,0.1894206549118388
4599,0.25994962216624684
4601,0.2841309823677582
4603,0.8005037783375315
4604,0.7899244332493702
4605,0.6755667506297229
4608,0.4664987405541562
4609,0.764735516372796
4617,0.7788413098236776
4620,0.5788413098236775
4624,0.48513853904282117
4632,0.3279596977329975
4634,0.2639798488664987
4639,0.5128463476070529
4640,0.27153652392947103
4644,0.28211586901763225
4651,0.6433249370277078
4656,0.3481108312342569
4657,0.705793450881612
4660,0.45843828715365237
4663,0.46851385390428213
4681,0.7486146095717884
4682,0.14760705289672543
4685,0.7763224181360201
4688,0.23476070528967255
4702,0.6493702770780856
4706,0.5763224181360201
4712,0.5188916876574308
4719,0.6408060453400504
4721,0.783375314861461
4726,0.5954659949622166
4727,0.6594458438287154
4729,0.015617128463476071
4730,0.47455919395465995
4734,0.8015113350125944
4737,0.4896725440806045
4739,0.34005037783375314
4747,0.5390428211586902
4753,0.380352644836272
4764,0.7319899244332494
4776,0.490176322418136
4782,0.6795969773299748
4786,0.4906801007556675
4792,0.7455919395465995
4794,0.45390428211586903
4801,0.4957178841309824
4803,0.4241813602015113
4804,0.3858942065491184
4805,0.5712846347607052
4807,0.5763224181360201
4808,0.6458438287153653
4811,0.29521410579345087
4819,0.45692695214105794
4823,0.565743073047859
4826,0.6342569269521411
4835,0.2841309823677582
4840,0.4125944584382871
4842,0.6297229219143576
4843,0.46448362720403025
4844,0.5204030226700251
4845,0.2216624685138539
4846,0.3632241813602015
4853,0.834256926952141
4861,0.7319899244332494
4862,0.47002518891687656
4868,0.17732997481108312
4870,0.5360201511335012
4880,0.5188916876574308
4882,0.6564231738035264
4884,0.3209068010075567
4886,0.5758186397984887
4889,0.6634760705289673
4898,0.5929471032745592
4901,0.5430730478589421
4902,0.09219143576826197
4906,0.8297229219143577
4907,0.9400503778337531
4910,0.7964735516372796
4921,0.6438287153652393
4927,0.8967254408060453
4929,0.24483627204030226
4930,0.6821158690176322
4943,0.24987405541561714
4944,0.6277078085642317
4954,0.7501259445843829
4955,0.327455919395466
4956,0.8967254408060453
4957,0.6357682619647356
4960,0.2584382871536524
4966,0.5088161209068011
4970,0.059445843828715365
4973,0.3501259445843829
4974,0.4327455919395466
4977,0.565743073047859
4979,0.32443324937027707
4987,0.31687657430730476
5000,0.7738035264483627
5002,0.47858942065491183
5007,0.4659949622166247
5009,0.5843828715365239
5015,0.6221662468513854
5017,0.6554156171284635
5020,0.8287153652392947
5021,0.6790931989924434
5024,0.8317380352644836
5026,0.6856423173803526
5029,0.4040302267002519
5030,0.7551637279596978
5034,0.6015113350125945
5044,0.36221662468513854
5049,0.83727959697733
5065,0.47405541561712844
5068,0.16272040302267002
5073,0.5748110831234257
5075,0.654911838790932
5082,0.19395465994962216
5085,0.8795969773299748
5091,0.36977329974811085
5094,0.21662468513853905
5114,0.8790931989924433
5120,0.5738035264483627
5130,0.6171284634760705
5133,0.2856423173803526
5143,0.7138539042821158
5150,0.8609571788413098
5151,0.45390428211586903
5152,0.6337531486146095
5160,0.2770780856423174
5161,0.8382871536523929
5176,0.5178841309823677
5181,0.23224181360201512
5183,0.3340050377833753
5188,0.7465994962216624
5190,0.8060453400503779
5191,0.030730478589420653
5199,0.839294710327456
5200,0.5012594458438288
5202,0.6095717884130982
5204,0.6060453400503778
5206,0.5763224181360201
5213,0.638287153652393
5214,0.7697732997481108
5217,0.5471032745591939
5218,0.5143576826196473
5226,0.5455919395465995
5229,0.28816120906801007
5230,0.3526448362720403
5240,0.8765743073047859
5241,0.2075566750629723
5245,0.6831234256926952
5246,0.5465994962216625
5249,0.5259445843828715
5253,0.26448362720403024
5258,0.5370277078085642
5262,0.1707808564231738
5263,0.4579345088161209
5265,0.6120906801007556
5271,0.5662468513853904
5275,0.5994962216624685
5279,0.4987405541561713
5286,0.8332493702770781
5296,0.507808564231738
5297,0.708816120906801
5304,0.7435768261964736
5310,0.28664987405541564
5314,0.6025188916876574
5322,0.7571788413098237
5324,0.3571788413098237
5327,0.7017632241813602
5330,0.4478589420654912
5332,0.37229219143576825
5348,0.36574307304785897
5349,0.7934508816120907
5362,0.5727959697732997
5369,0.36171284634760703
5380,0.24886649874055417
5381,0.2977329974811083
5382,0.4947103274559194
5383,0.891183879093199
5397,0.2151133501259446
5398,0.49773299748110833
5401,0.4906801007556675
5405,0.3612090680100756
5410,0.18387909319899245
5412,0.34609571788413096
5414,0.6760705289672544
5415,0.37984886649874056
5416,0.5954659949622166
5428,0.43727959697733
5430,0.6201511335012595
5431,0.744080604534005
5436,0.17531486146095718
5439,0.68816120906801
5443,0.4075566750629723
5445,0.35062972292191436
5448,0.48211586901763226
5451,0.3677581863979849
5461,0.6191435768261965
5462,0.5556675062972293
5469,0.7506297229219143
5475,0.25642317380352647
5480,0.6826196473551638
5489,0.4881612090680101
5490,0.638287153652393
5495,0.7753148614609572
5497,0.291183879093199
5500,0.6166246851385391
5502,0.5400503778337532
5508,0.5491183879093199
5510,0.25894206549118387
5515,0.40554156171284633
5526,0.507808564231738
5532,0.39143576826196474
5534,0.9103274559193955
5540,0.763727959697733
5542,0.20856423173803526
5543,0.3002518891687657
5547,0.5798488664987406
5553,0.09269521410579346
5557,0.42468513853904283
5562,0.24987405541561714
5564,0.48211586901763226
5567,0.44836272040302266
5579,0.6745591939546599
5580,0.3773299748110831
5583,0.08261964735516372
5589,0.5526448362720403
5594,0.32896725440806046
5595,0.672544080604534
5599,0.308816120906801
5602,0.37934508816120904
5603,0.7244332493702771
5615,0.6342569269521411
5619,0.7209068010075567
5621,0.3994962216624685
5622,0.4634760705289673
5628,0.2710327455919396
5631,0.7536523929471033
5645,0.8030226700251889
5650,0.8060453400503779
5652,0.4770780856423174
5654,0.5042821158690176
5655,0.28916876574307304
5656,0.6806045340050377
5658,0.5385390428211587
5660,0.1783375314861461
5679,0.8055415617128463
5681,0.31083123425692694
5683,0.8528967254408061
5689,0.6906801007556675
5692,0.4564231738035264
5702,0.2327455919395466
5706,0.42619647355163726
5708,0.5017632241813602
5709,0.3239294710327456
5714,0.18841309823677582
5716,0.6080604534005037
5718,0.4463476070528967
5729,0.6700251889168766
5732,0.6856423173803526
5735,0.31687657430730476
5736,0.4256926952141058
5740,0.23828715365239295
5742,0.601007556675063
5747,0.5783375314861461
5751,0.8886649874055416
5752,0.5465994962216625
5756,0.6785894206549118
5763,0.4050377833753149
5764,0.5350125944584383
5769,0.4896725440806045
5771,0.655919395465995
5772,0.9078085642317381
5776,0.04937027707808564
5778,0.48312342569269523
5779,0.2005037783375315
5780,0.30075566750629723
5787,0.2730478589420655
5791,0.3012594458438287
5795,0.6649874055415617
5798,0.44685138539042824
5799,0.889168765743073
5801,0.7863979848866499
5804,0.5430730478589421
5806,0.4765743073047859
5808,0.3128463476070529
5809,0.5783375314861461
5819,0.7642317380352645
5820,0.08312342569269521
5821,0.6594458438287154
5822,0.4534005037783375
5824,0.5571788413098236
5835,0.2770780856423174
5837,0.693198992443325
5849,0.5652392947103274
5855,0.23022670025188918
5857,0.3541561712846348
5861,0.6619647355163728
5866,0.746095717884131
5867,0.8357682619647355
5868,0.32896725440806046
5869,0.3994962216624685
5871,0.3949622166246851
5872,0.4443324937027708
5877,0.3496221662468514
5879,0.8523929471032745
5884,0.6397984886649875
5893,0.5874055415617129
5897,0.21259445843828714
5899,0.05340050377833753
5904,0.48614609571788414
5905,0.5340050377833753
5906,0.7506297229219143
5912,0.382367758186398
5914,0.5909319899244333
5916,0.2639798488664987
5924,0.44685138539042824
5926,0.5536523929471032
5927,0.564735516372796
5928,0.3712846347607053
5929,0.27506297229219145
5930,0.5435768261964735
5937,0.7476070528967255
5939,0.6801007556675063
5940,0.6886649874055416
5946,0.6962216624685138
5947,0.8488664987405542
5950,0.4896725440806045
5952,0.5914357682619648
5953,0.2826196473551637
5954,0.8100755667506297
5956,0.8614609571788413
5959,0.7732997481108312
5961,0.6105793450881613
5968,0.45390428211586903
5969,0.3340050377833753
5972,0.25894206549118387
5977,0.4211586901763224
5985,0.5748110831234257
6000,0.6654911838790932
6002,0.4272040302267002
6006,0.39093198992443323
6007,0.5355163727959698
6016,0.2836272040302267
6018,0.5173803526448363
6019,0.17732997481108312
6022,0.4473551637279597
6024,0.5229219143576826
6026,0.08765743073047859
6030,0.18337531486146097
6031,0.6277078085642317
6032,0.7904282115869018
6034,0.18690176322418137
6036,0.8710327455919396
6046,0.7385390428211587
6047,0.7340050377833753
6048,0.6740554156171285
6049,0.5239294710327456
6058,0.3934508816120907
6064,0.2327455919395466
6066,0.6272040302267002
6083,0.42670025188916877
6085,0.8156171284634761
6086,0.6977329974811083
6088,0.5662468513853904
6090,0.28614609571788413
6093,0.4770780856423174
6096,0.7551637279596978
6098,0.44080604534005036
6099,0.11788413098236776
6100,0.4035264483627204
6105,0.1964735516372796
6109,0.9012594458438287
6113,0.5057934508816121
6115,0.47052896725440807
6121,0.5969773299748111
6124,0.5843828715365239
6129,0.8130982367758186
6131,0.6508816120906801
6137,0.4463476070528967
6139,0.5612090680100755
6156,0.9743073047858942
6162,0.3118387909319899
6173,0.7138539042821158
6174,0.2005037783375315
6182,0.07858942065491184
6183,0.09219143576826197
6185,0.236272040302267
6188,0.28513853904282116
6192,0.29521410579345087
6196,0.49219143576826196
6197,0.5954659949622166
6201,0.5924433249370277
6204,0.5491183879093199
6210,0.7178841309823678
6213,0.7657430730478589
6214,0.2916876574307305
6218,0.87455919395466
6219,0.693198992443325
6220,0.8075566750629722
6228,0.27758186397984885
6233,0.28614609571788413
6234,0.18085642317380352
6236,0.836272040302267
6237,0.603022670025189
6245,0.6302267002518892
6247,0.620654911838791
6250,0.2755667506297229
6252,0.20100755667506298
6254,0.7224181360201511
6258,0.33753148614609574
6267,0.05340050377833753
6270,0.3596977329974811
6274,0.6841309823677582
6275,0.8161209068010076
6277,0.745088161209068
6284,0.35214105793450884
6285,0.4035264483627204
6292,0.23576826196473552
6295,0.5874055415617129
6297,0.35365239294710327
6301,0.2811083123425693
6305,0.7375314861460958
6309,0.4695214105793451
6312,0.6302267002518892
6318,0.5455919395465995
6319,0.5440806045340051
6321,0.35919395465994963
6325,0.6695214105793451
6332,0.7707808564231738
6335,0.4070528967254408
6339,0.23173803526448364
6348,0.4105793450881612
6350,0.7214105793450881
6351,0.4105793450881612
6352,0.1889168765743073
6353,0.3707808564231738
6360,0.4357682619647355
6363,0.6322418136020151
6365,0.8846347607052897
6368,0.2503778337531486
6370,0.8795969773299748
6371,0.654911838790932
6373,0.3178841309823678
6376,0.7314861460957179
6380,0.8599496221662468
6386,0.5652392947103274
6392,0.327455919395466
6398,0.8871536523929471
6400,0.597984886649874
6404,0.1596977329974811
6407,0.801007556675063
6410,0.7314861460957179
6426,0.6826196473551638
6428,0.1783375314861461
6431,0.8191435768261964
6439,0.5738035264483627
6450,0.2614609571788413
6451,0.5642317380352645
6453,0.6166246851385391
6454,0.6287153652392947
6469,0.6347607052896725
6471,0.5324937027707809
6473,0.565743073047859
6475,0.20957178841309823
6477,0.37934508816120904
6489,0.4095717884130982
6498,0.43828715365239296
6499,0.30428211586901766
6505,0.5521410579345088
6506,0.47909319899244335
6507,0.7632241813602015
6509,0.7627204030226701
6515,0.5183879093198992
6517,0.5204030226700251
6521,0.8141057934508816
6527,0.3571788413098237
6528,0.8025188916876574
6529,0.5062972292191436
6530,0.5894206549118388
6537,0.2680100755667506
6540,0.36826196473551637
6542,0.47405541561712844
6545,0.5163727959697733
6550,0.46297229219143576
6552,0.6670025188916877
6558,0.3853904282115869
6564,0.22317380352644836
6567,0.6468513853904282
6574,0.473551637279597
6587,0.2785894206549118
6597,0.6891687657430731
6598,0.36926952141057934
6601,0.5345088161209068
6602,0.6785894206549118
6606,0.4574307304785894
6609,0.4811083123425693
6610,0.344080604534005
6613,0.5380352644836272
6614,0.7274559193954659
6615,0.6171284634760705
6618,0.4070528967254408
6619,0.6100755667506297
6623,0.34005037783375314
6628,0.5183879093198992
6642,0.6554156171284635
6648,0.563727959697733
6652,0.12090680100755667
6656,0.7773299748110831
6658,0.9042821158690176
6660,0.6483627204030227
6663,0.8302267002518892
6668,0.4811083123425693
6672,0.6816120906801008
6674,0.46397984886649873
6681,0.6957178841309823
6684,0.45944584382871534
6687,0.04433249370277078
6688,0.9017632241813602
6690,0.6700251889168766
6691,0.2649874055415617
6694,0.3234256926952141
6706,0.41158690176322416
6707,0.33753148614609574
6713,0.8664987405541562
6716,0.3934508816120907
6717,0.8156171284634761
6721,0.47405541561712844
6728,0.8105793450881612
6735,0.8806045340050378
6746,0.5838790931989924
6753,0.33299748110831234
6755,0.5516372795969773
6757,0.2730478589420655
6759,0.33299748110831234
6760,0.8100755667506297
6761,0.383375314861461
6776,0.3994962216624685
6779,0.5471032745591939
6781,0.46750629722921916
6787,0.7455919395465995
6791,0.028211586901763223
6807,0.5435768261964735
6815,0.42317380352644834
6817,0.8881612090680101
6818,0.25239294710327453
6819,0.3410579345088161
6820,0.25591939546599496
6830,0.8755667506297229
6832,0.6639798488664987
6839,0.44836272040302266
6845,0.5642317380352645
6850,0.5143576826196473
6855,0.3355163727959698
6857,0.6256926952141058
6867,0.5370277078085642
6869,0.3717884130982368
6875,0.743073047858942
6876,0.4664987405541562
6877,0.22418136020151133
6880,0.8886649874055416
6885,0.1929471032745592
6887,0.5672544080604534
6889,0.4342569269521411
6891,0.3355163727959698
6901,0.011083123425692695
6902,0.3672544080604534
6905,0.3486146095717884
6906,0.30680100755667505
6914,0.8801007556675063
6923,0.72544080604534
6942,0.48211586901763226
6946,0.6423173803526449
6947,0.345088161209068
6948,0.5843828715365239
6949,0.961712846347607
6953,0.4765743073047859
6958,0.36523929471032746
6961,0.5697732997481109
6970,0.2518891687657431
6978,0.8856423173803526
6979,0.15062972292191434
6984,0.0473551637279597
6985,0.4680100755667506
6991,0.8584382871536524
6992,0.6967254408060454
6994,0.3707808564231738
6998,0.2584382871536524
7000,0.6624685138539043
7001,0.6251889168765743
7003,0.7193954659949622
7004,0.3748110831234257
7008,0.7329974811083123
7014,0.7476070528967255
7020,0.35465994962216624
7022,0.07103274559193955
7031,0.9657430730478589
7037,0.25894206549118387
7041,0.25138539042821156
7044,0.1385390428211587
7047,0.29219143576826195
7051,0.9360201511335012
7053,0.09874055415617128
7056,0.37682619647355164
7068,0.7002518891687658
7074,0.8287153652392947
7079,0.3198992443324937
7082,0.710831234256927
7085,0.4957178841309824
7096,0.5521410579345088
7103,0.28916876574307304
7104,0.5138539042821159
7109,0.5360201511335012
7114,0.5531486146095718
7115,0.5899244332493703
7116,0.7551637279596978
7124,0.5662468513853904
7127,0.6120906801007556
7130,0.839294710327456
7131,0.33602015113350125
7132,0.3924433249370277
7134,0.4473551637279597
7140,0.4478589420654912
7141,0.4080604534005038
7151,0.181360201511335
7158,0.5329974811083124
7162,0.7098236775818639
7164,0.582367758186398
7173,0.6297229219143576
7176,0.7360201511335013
7177,0.56272040302267
7178,0.6151133501259446
7182,0.2141057934508816
7185,0.27506297229219145
7188,0.1052896725440806
7197,0.181360201511335
7200,0.5919395465994962
7201,0.2972292191435768
7207,0.32443324937027707
7209,0.20554156171284635
7210,0.8085642317380353
7214,0.5118387909319899
7215,0.7758186397984886
7222,0.2221662468513854
7225,0.6110831234256927
7243,0.7959697732997482
7244,0.6035264483627204
7247,0.5400503778337532
7252,0.2942065491183879
7254,0.5607052896725441
7255,0.6806045340050377
7267,0.17531486146095718
7268,0.3788413098236776
7269,0.6151133501259446
7274,0.546095717884131
7275,0.3395465994962217
7277,0.41158690176322416
7279,0.20251889168765744
7280,0.8705289672544081
7281,0.2332493702770781
7287,0.5405541561712847
7292,0.5022670025188917
7295,0.5219143576826196
7305,0.8498740554156171
7306,0.31738035264483627
7320,0.6060453400503778
7321,0.4418136020151133
7332,0.7566750629722921
7333,0.6120906801007556
7336,0.6574307304785895
7348,0.583375314861461
7349,0.27506297229219145
7350,0.9118387909319899
7351,0.6841309823677582
7358,0.4181360201511335
7366,0.46045340050377837
7367,0.5818639798488665
7379,0.6005037783375314
7381,0.21007556675062972
7383,0.4649874055415617
7390,0.218639798488665
7391,0.7234256926952141
7392,0.7385390428211587
7398,0.3994962216624685
7404,0.6317380352644836
7407,0.7375314861460958
7408,0.6458438287153653
7409,0.6201511335012595
7419,0.801007556675063
7422,0.5193954659949622
7426,0.5869017632241813
7435,0.5103274559193954
7441,0.10780856423173804
7444,0.4241813602015113
7449,0.4050377833753149
7457,0.6730478589420655
7461,0.3979848866498741
7466,0.8493702770780857
7473,0.4811083123425693
7474,0.06397984886649874
7478,0.3979848866498741
7483,0.49622166246851385
7488,0.6125944584382872
7493,0.5153652392947103
7494,0.6916876574307305
7499,0.7934508816120907
7500,0.23425692695214106
7507,0.06297229219143577
7509,0.11486146095717883
7512,0.49622166246851385
7513,0.9455919395465995
7520,0.8574307304785894
7526,0.345088161209068
7537,0.6675062972292192
7538,0.1889168765743073
7542,0.5652392947103274
7543,0.22367758186397985
7550,0.56272040302267
7553,0.4654911838790932
7554,0.3012594458438287
7556,0.2836272040302267
7558,0.6282115869017633
7561,0.8015113350125944
7565,0.3057934508816121
7577,0.7370277078085642
7579,0.28463476070528965
7580,0.6312342569269521
7583,0.7531486146095718
7585,0.7642317380352645
7587,0.1531486146095718
7590,0.48916876574307305
7592,0.5884130982367758
7593,0.5793450881612091
7597,0.5083123425692695
7601,0.33350125944584386
7602,0.5083123425692695
7606,0.7919395465994962
7607,0.6065491183879094
7610,0.20654911838790932
7611,0.3596977329974811
7614,0.37279596977329976
7615,0.6710327455919396
7629,0.25692695214105793
7632,0.12292191435768261
7635,0.21158690176322417
7641,0.1712846347607053
7642,0.8110831234256927
7643,0.4780856423173804
7646,0.7672544080604534
7647,0.6876574307304786
7649,0.5894206549118388
7650,0.6906801007556675
7651,0.43727959697733
7656,0.45944584382871534
7666,0.8523929471032745
7670,0.4720403022670025
7685,0.6110831234256927
7691,0.42770780856423174
7697,0.6327455919395466
7699,0.42468513853904283
7706,0.6100755667506297
7707,0.6831234256926952
7708,0.4488664987405542
7713,0.8438287153652393
7715,0.6403022670025189
7721,0.2075566750629723
7724,0.7158690176322419
7728,0.8267002518891687
7741,0.2977329974811083
7747,0.9506297229219144
7750,0.3748110831234257
7754,0.8357682619647355
7756,0.11738035264483627
7757,0.5032745591939547
7769,0.548110831234257
7778,0.10629722921914357
7782,0.5843828715365239
7783,0.3919395465994962
7785,0.5032745591939547
7789,0.4795969773299748
7798,0.4035264483627204
7799,0.3969773299748111
7806,0.7984886649874056
7808,0.6775818639798489
7810,0.27758186397984885
7812,0.44836272040302266
7814,0.009571788413098237
7815,0.5204030226700251
7817,0.44231738035264484
7819,0.7914357682619647
7821,0.4156171284634761
7826,0.22015113350125945
7829,0.6780856423173803
7831,0.5113350125944585
7837,0.6418136020151134
7839,0.09017632241813602
7842,0.4292191435768262
7846,0.4624685138539043
7847,0.5062972292191436
7848,0.6599496221662469
7850,0.0619647355163728
7853,0.18841309823677582
7859,0.5052896725440806
7865,0.5244332493702771
7866,0.5672544080604534
7871,0.19496221662468513
7872,0.4181360201511335
7875,0.2841309823677582
7879,0.44685138539042824
7880,0.6438287153652393
7884,0.1778337531486146
7885,0.029219143576826197
7887,0.5314861460957179
7889,0.5198992443324937
7901,0.6025188916876574
7902,0.5178841309823677
7905,0.308816120906801
7907,0.6695214105793451
7911,0.7249370277078085
7920,0.7672544080604534
7922,0.48765743073047857
7923,0.10428211586901763
7927,0.34609571788413096
7938,0.06700251889168765
7950,0.5309823677581864
7951,0.23929471032745592
7953,0.35365239294710327
7958,0.34307304785894205
7960,0.3758186397984887
7972,0.5677581863979849
7973,0.7274559193954659
7978,0.17682619647355163
7981,0.22267002518891688
7983,0.5465994962216625
7994,0.5526448362720403
8003,0.5964735516372796
8004,0.3148614609571788
8005,0.3486146095717884
8007,0.5224181360201511
8009,0.34458438287153653
8016,0.2957178841309824
8018,0.40856423173803524
8023,0.673551637279597
8025,0.4473551637279597
8028,0.6670025188916877
8030,0.5511335012594458
8034,0.7098236775818639
8036,0.4040302267002519
8041,0.5093198992443325
8045,0.603022670025189
8046,0.4765743073047859
8048,0.6251889168765743
8054,0.8967254408060453
8058,0.7340050377833753
8059,0.7294710327455919
8062,0.6921914357682619
8067,0.6458438287153653
8068,0.04030226700251889
8074,0.5027707808564231
8075,0.3481108312342569
8078,0.6231738035264484
8081,0.4367758186397985
8084,0.7073047858942065
8089,0.3209068010075567
8090,0.509823677581864
8095,0.6518891687657431
8097,0.3249370277078086
8098,0.2473551637279597
8100,0.27455919395465994
8112,0.6473551637279596
8114,0.8146095717884131
8118,0.3002518891687657
8119,0.6639798488664987
8121,0.7506297229219143
8130,0.7768261964735517
8132,0.5914357682619648
8135,0.1889168765743073
8138,0.5642317380352645
8141,0.1304785894206549
8142,0.746095717884131
8152,0.28463476070528965
8153,0.7743073047858942
8155,0.30075566750629723
8159,0.3748110831234257
8163,0.19899244332493704
8166,0.527455919395466
8169,0.4513853904282116
8170,0.23073047858942067
8182,0.19848866498740556
8186,0.38287153652392947
8191,0.44836272040302266
8193,0.7697732997481108
8197,0.6408060453400504
8200,0.1712846347607053
8201,0.5581863979848867
8210,0.4659949622166247
8218,0.8629722921914358
8227,0.3516372795969773
8229,0.6513853904282116
8231,0.45239294710327455
8232,0.6181360201511334
8234,0.4251889168765743
8237,0.419647355163728
8238,0.5113350125944585
8239,0.5909319899244333
8240,0.6322418136020151
8243,0.290176322418136
8244,0.42015113350125943
8246,0.09874055415617128
8249,0.36372795969773297
8252,0.3198992443324937
8256,0.5249370277078086
8266,0.601007556675063
8271,0.2005037783375315
8284,0.6448362720403022
8291,0.6569269521410579
8293,0.6161209068010075
8295,0.28967254408060455
8299,0.6589420654911838
8301,0.10881612090680101
8304,0.49370277078085645
8315,0.4534005037783375
8318,0.6760705289672544
8326,0.3924433249370277
8327,0.7345088161209068
8335,0.3949622166246851
8336,0.36070528967254406
8337,0.39395465994962214
8343,0.8453400503778338
8348,0.6397984886649875
8352,0.8297229219143577
8355,0.05591939546599496
8370,0.1455919395465995
8380,0.43526448362720405
8383,0.7405541561712846
8391,0.8
8395,0.673551637279597
8396,0.18740554156171285
8397,0.9586901763224182
8398,0.5244332493702771
8399,0.4463476070528967
8401,0.6347607052896725
8404,0.7702770780856423
8407,0.6246851385390428
8416,0.42468513853904283
8425,0.6161209068010075
8426,0.21612090680100757
8439,0.5148614609571789
8453,0.7581863979848866
8466,0.4755667506297229
8467,0.6740554156171285
8480,0.5712846347607052
8483,0.4680100755667506
8485,0.9516372795969773
8487,0.18438287153652394
8489,0.4503778337531486
8493,0.41662468513853906
8494,0.43476070528967253
8505,0.20302267002518892
8506,0.27204030226700254
8507,0.22267002518891688
8508,0.6654911838790932
8513,0.7899244332493702
8516,0.2856423173803526
8517,0.6136020151133501
8518,0.3748110831234257
8522,0.8705289672544081
8531,0.5224181360201511
8532,0.906801007556675
8535,0.2146095717884131
8536,0.7662468513853904
8539,0.3934508816120907
8540,0.6236775818639798
8541,0.42317380352644834
8545,0.4806045340050378
8546,0.16977329974811084
8547,0.5748110831234257
8550,0.30730478589420657
8563,0.19848866498740556
8565,0.4478589420654912
8572,0.6196473551637279
8573,0.5355163727959698
8577,0.27808564231738037
8579,0.380352644836272
8592,0.6982367758186397
8608,0.5576826196473552
8609,0.30831234256926954
8610,0.5909319899244333
8612,0.6367758186397985
8614,0.40302267002518893
8615,0.29370277078085644
8616,0.8095717884130983
8617,0.31385390428211585
8622,0.9677581863979848
8630,0.5778337531486146
8643,0.8181360201511335
8644,0.10075566750629723
8645,0.16574307304785893
8649,0.5042821158690176
8662,0.2554156171284635
8664,0.6423173803526449
8668,0.8040302267002519
8670,0.6211586901763224
8676,0.3566750629722922
8679,0.6115869017632242
8697,0.6090680100755668
8699,0.8403022670025189
8713,0.47052896725440807
8722,0.5259445843828715
8734,0.7904282115869018
8741,0.5365239294710328
8759,0.5476070528967254
8763,0.8584382871536524
8764,0.44937027707808563
8773,0.9057934508816121
8778,0.47052896725440807
8781,0.26045340050377835
8795,0.5375314861460957
8796,0.6307304785894207
8797,0.8095717884130983
8798,0.24534005037783374
8799,0.5914357682619648
8800,0.5083123425692695
8801,0.6221662468513854
8804,0.24685138539042822
8805,0.6795969773299748
8812,0.7329974811083123
8821,0.4151133501259446
8823,0.6267002518891688
8829,0.09118387909319899
8832,0.5219143576826196
8834,0.34458438287153653
8839,0.7259445843828716
8840,0.4226700251889169
8843,0.6670025188916877
8845,0.6302267002518892
8848,0.15768261964735517
8852,0.36171284634760703
8853,0.5173803526448363
8854,0.5173803526448363
8855,0.3934508816120907
8866,0.49672544080604536
8868,0.7571788413098237
8873,0.5128463476070529
8874,0.4327455919395466
8879,0.7309823677581864
8889,0.25440806045340053
8890,0.6790931989924434
8896,0.47909319899244335
8897,0.8448362720403023
8904,0.24282115869017631
8906,0.46851385390428213
8914,0.5602015113350126
8921,0.43375314861460956
8926,0.4881612090680101
8929,0.7249370277078085
8932,0.7753148614609572
8936,0.7395465994962217
8940,0.9138539042821159
8945,0.2765743073047859
8948,0.7828715365239295
8949,0.2554156171284635
8964,0.6292191435768262
8969,0.6574307304785895
8973,0.8332493702770781
8975,0.31133501259445845
8983,0.7818639798488665
8998,0.5471032745591939
9002,0.6221662468513854
9011,0.3743073047858942
9013,0.8413098236775819
9015,0.6085642317380353
9017,0.5732997481108313
9018,0.29622166246851384
9025,0.5566750629722922
9029,0.5476070528967254
9034,0.5173803526448363
9037,0.728463476070529
9038,0.6891687657430731
9040,0.49168765743073045
9047,0.19798488664987404
9055,0.473551637279597
9057,0.401007556675063
9058,0.48463476070528966
9062,0.48765743073047857
9070,0.4801007556675063
9075,0.24584382871536523
9076,0.6302267002518892
9081,0.3904282115869018
9092,0.5012594458438288
9095,0.44231738035264484
9096,0.37229219143576825
9098,0.23476070528967255
9099,0.597984886649874
9100,0.15516372795969774
9105,0.07455919395465994
9107,0.07153652392947103
9108,0.6050377833753149
9113,0.8206549118387909
9114,0.5264483627204031
9116,0.5219143576826196
9117,0.9581863979848867
9128,0.36473551637279594
9129,0.7405541561712846
9136,0.7748110831234257
9138,0.344080604534005
9143,0.3954659949622166
9145,0.2256926952141058
9148,0.3128463476070529
9151,0.7753148614609572
9154,0.290176322418136
9159,0.44231738035264484
9162,0.36977329974811085
9164,0.5909319899244333
9165,0.2508816120906801
9172,0.6055415617128463
9176,0.8559193954659949
9177,0.4881612090680101
9178,0.18387909319899245
9179,0.47909319899244335
9181,0.7707808564231738
9183,0.5204030226700251
9192,0.5909319899244333
9195,0.5607052896725441
9197,0.4448362720403023
9199,0.23073047858942067
9208,0.6020151133501259
9213,0.218639798488665
9217,0.4025188916876574
9218,0.3319899244332494
9223,0.6483627204030227
9224,0.5209068010075567
9238,0.6146095717884131
9240,0.7516372795969773
9241,0.49319899244332494
9243,0.46297229219143576
9246,0.2730478589420655
9247,0.19093198992443325
9248,0.6251889168765743
9252,0.3959697732997481
9266,0.2141057934508816
9269,0.5083123425692695
9270,0.49924433249370276
9283,0.8382871536523929
9284,0.18841309823677582
9291,0.37984886649874056
9296,0.44231738035264484
9300,0.5455919395465995
9304,0.30982367758186397
9308,0.5319899244332493
9309,0.33753148614609574
9310,0.636272040302267
9315,0.9717884130982368
9320,0.4952141057934509
9331,0.22015113350125945
9332,0.5989924433249371
9336,0.24685138539042822
9337,0.4095717884130982
9339,0.3486146095717884
9343,0.8654911838790932
9344,0.6292191435768262
9347,0.22770780856423173
9351,0.9123425692695214
9352,0.620654911838791
9353,0.5420654911838791
9354,0.2680100755667506
9360,0.7259445843828716
9362,0.6
9365,0.49924433249370276
9370,0.851889168765743
9371,0.36070528967254406
9374,0.49672544080604536
9377,0.6609571788413098
9378,0.8790931989924433
9379,0.4690176322418136
9381,0.6115869017632242
9382,0.5707808564231738
9385,0.27204030226700254
9389,0.3919395465994962
9390,0.6015113350125945
9403,0.48614609571788414
9410,0.41360201511335015
9411,0.5783375314861461
9415,0.4957178841309824
9422,0.5188916876574308
9425,0.10226700251889169
9431,0.5667506297229219
9435,0.37682619647355164
9439,0.236272040302267
9440,0.7178841309823678
9442,0.8277078085642318
9445,0.6377833753148615
9452,0.3702770780856423
9460,0.6891687657430731
9465,0.6876574307304786
9468,0.14710327455919395
9469,0.5234256926952141
9472,0.7360201511335013
9480,0.5143576826196473
9481,0.6337531486146095
9489,0.29219143576826195
9490,0.2151133501259446
9491,0.3486146095717884
9495,0.7123425692695214
9498,0.5360201511335012
9509,0.18790931989924434
9515,0.8040302267002519
9524,0.5546599496221662
9525,0.24584382871536523
9528,0.6055415617128463
9530,0.873551637279597
9539,0.7420654911838791
9546,0.4
9557,0.41309823677581864
9558,0.7622166246851385
9560,0.2972292191435768
9561,0.6780856423173803
9563,0.5642317380352645
9570,0.5214105793450882
9575,0.3969773299748111
9577,0.33299748110831234
9593,0.7506297229219143
9595,0.6544080604534005
9596,0.5551637279596977
9604,0.7571788413098237
9616,0.6962216624685138
9621,0.4755667506297229
9622,0.6851385390428212
9623,0.8695214105793451
9629,0.8367758186397984
9632,0.5511335012594458
9633,0.20856423173803526
9635,0.6700251889168766
9636,0.5244332493702771
9637,0.16523929471032744
9641,0.4448362720403023
9642,0.39899244332493705
9643,0.6926952141057935
9644,0.2619647355163728
9647,0.74911838790932
9655,0.4750629722921914
9657,0.218639798488665
9659,0.1385390428211587
9663,0.6523929471032746
9666,0.28463476070528965
9669,0.3370277078085642
9671,0.5299748110831234
9673,0.6347607052896725
9677,0.36977329974811085
9680,0.7249370277078085
9684,0.5153652392947103
9685,0.8680100755667506
9688,0.7612090680100756
9691,0.2916876574307305
9693,0.5692695214105793
9695,0.47909319899244335
9696,0.56272040302267
9699,0.635264483627204
9704,0.326448362720403
9717,0.5279596977329974
9720,0.8987405541561713
9726,0.32443324937027707
9734,0.5843828715365239
9737,0.5541561712846348
9740,0.47405541561712844
9747,0.5390428211586902
9752,0.4574307304785894
9753,0.43073047858942065
9754,0.1929471032745592
9758,0.22418136020151133
9761,0.8871536523929471
9763,0.36171284634760703
9765,0.4216624685138539
9773,0.473551637279597
9775,0.23526448362720404
9777,0.181360201511335
9781,0.32896725440806046
9792,0.5375314861460957
9794,0.4443324937027708
9798,0.2871536523929471
9804,0.9400503778337531
9820,0.4327455919395466
9830,0.36171284634760703
9835,0.4513853904282116
9836,0.36171284634760703
9838,0.5707808564231738
9846,0.6438287153652393
9849,0.31083123425692694
9850,0.7753148614609572
9854,0.6342569269521411
9857,0.5279596977329974
9862,0.6604534005037783
9864,0.6226700251889169
9869,0.5269521410579345
9871,0.5052896725440806
9879,0.40906801007556676
9883,0.5763224181360201
9887,0.12141057934508816
9897,0.7193954659949622
9901,0.5632241813602015
9910,0.5884130982367758
9911,0.19042821158690176
9924,0.5062972292191436
9928,0.5204030226700251
9930,0.2070528967254408
9931,0.5445843828715365
9936,0.163727959697733
9937,0.3239294710327456
9938,0.7340050377833753
9943,0.5919395465994962
9946,0.36977329974811085
9947,0.5425692695214106
9950,0.12795969773299748
9952,0.5667506297229219
9955,0.3304785894206549
9957,0.2836272040302267
9958,0.7390428211586901
9960,0.30428211586901766
9961,0.7269521410579345
9969,0.5314861460957179
9971,0.4473551637279597
9972,0.24634760705289674
9974,0.5445843828715365
9975,0.5748110831234257
9983,0.6287153652392947
9990,0.7274559193954659
9994,0.6972292191435768
9995,0.6745591939546599
